<?xml version="1.0" encoding="UTF-8"?>
<project-private xmlns="http://www.netbeans.org/ns/project-private/1">
    <editor-bookmarks xmlns="http://www.netbeans.org/ns/editor-bookmarks/2" lastBookmarkId="0"/>
    <open-files xmlns="http://www.netbeans.org/ns/projectui-open-files/2">
        <group name="Resultado6">
            <file>file:/C:/Users/chipi/Documents/Repositorios/Acceso_a_datos/Resultado6/JavaLibraryR6/src/mis_beans/BaseDatos.java</file>
            <file>file:/C:/Users/chipi/Documents/Repositorios/Acceso_a_datos/Resultado6/JavaLibraryR6/src/mis_beans/Agricultor.java</file>
            <file>file:/C:/Users/chipi/Documents/Repositorios/Acceso_a_datos/Resultado6/JavaLibraryR6/src/mis_beans/Trabajo.java</file>
            <file>file:/C:/Users/chipi/Documents/Repositorios/Acceso_a_datos/Resultado6/JavaLibraryR6/src/mis_beans/Maquina.java</file>
        </group>
    </open-files>
</project-private>
